Table,Column,Data Type,,,,
authorization_details_short_view,authorizations_id,uniqueidentifier,,,,
authorization_details_short_view,authorization_details_id,uniqueidentifier,,,,
authorization_details_short_view,people_id,uniqueidentifier,,,,
authorization_details_short_view,authorization_number,varchar,,,,
authorization_details_short_view,update_log_id,uniqueidentifier,,,,
authorization_details_short_view,benefits_assignments_id,uniqueidentifier,,,,
authorization_details_short_view,is_billing,bit,,,,
authorization_details_short_view,units,float,,,,
authorization_details_short_view,amount_charged,decimal,,,,
authorization_details_short_view,copay_amount,decimal,,,,
authorization_details_short_view,billing_payment_plan_scheme_link_id,uniqueidentifier,,,, 
authorization_details_short_view,capitation_amount,decimal,,,,
authorization_details_short_view,is_approved,bit,,,,
authorization_details_short_view,date_from_details,datetime,,,,
authorization_details_short_view,date_to_details,datetime,,,,
authorization_details_short_view,procedure_code_id,uniqueidentifier,,,,
authorization_details_short_view,is_overwrite,bit,,,,
authorization_details_short_view,authorization_type,varchar,,,,
authorization_details_short_view,create_schedule,bit,,,,
authorization_details_short_view,payor_id,uniqueidentifier,,,,
authorization_details_short_view,plan_id,uniqueidentifier,,,,
authorization_details_short_view,vendor_name,varchar,,,,
authorization_details_short_view,plan_name,varchar,,,,
authorization_details_short_view,policy_num,varchar,,,,
authorization_details_short_view,priority_desc,varchar,,,,
authorization_details_short_view,insurance_type,varchar,,,,
authorization_details_short_view,is_medicaid,bit,,,,
authorization_details_short_view,program_name,varchar,,,,
authorization_details_short_view,group_profile_type,varchar,,,,
authorization_details_short_view,profile_name,varchar,,,,
authorization_details_short_view,event_definition_id,uniqueidentifier,,,,
authorization_details_short_view,event_name,varchar,,,,
authorization_details_short_view,rate_header_id,uniqueidentifier,,,,
authorization_details_short_view,ar_account_id,uniqueidentifier,,,,
authorization_details_short_view,income_account,uniqueidentifier,,,,
authorization_details_short_view,rate_description,varchar,,,,
authorization_details_short_view,is_hhc,bit,,,,
authorization_details_short_view,disp_expr,varchar,,,,
authorization_details_short_view,disp_expr_short,varchar,,,,
authorization_details_short_view,is_deleted,bit,,,,
people,people_id,uniqueidentifier,,,,
people,last_name,varchar,,,,
people,first_name,varchar,,,,
people,ethnicity,uniqueidentifier,,,,
people,religion,uniqueidentifier,,,,
people,aka,varchar,,,,
people,dob,datetime,,,,
people,citizenship,uniqueidentifier,,,,
people,guardian_type,uniqueidentifier,,,,
people,middle_name,varchar,,,,
people,is_veteran,bit,,,,
people,primary_language,uniqueidentifier,,,,
people,secondary_language,uniqueidentifier,,,,
people,gender,varchar,,,,
people,ssn_number,varchar,,,,
people,ssi_number,varchar,,,,
people,tertiary_language,uniqueidentifier,,,,
people,tax_id,varchar,,,,
people,email_address,varchar,,,,
people,primary_reading_language,uniqueidentifier,,,,
people,secondary_reading_language,uniqueidentifier,,,,
people,drivers_license,varchar,,,,
people,update_log_id,uniqueidentifier,,,,
people,mobile_phone,varchar,,,,
people,Pager_number,varchar,,,,
people,phone_day,varchar,,,,
people,phone_evening,varchar,,,,
people,remarks,varchar,,,,
people,anonymous,bit,,,,
people,registry,varchar,,,,
people,urn_no,varchar,,,,
people,is_password_change,bit,,,,
people,license,varchar,,,,
people,city_of_birth,varchar,,,,
people,Deceased,bit,,,,
people,date_of_death,datetime,,,,
people,state_of_birth,uniqueidentifier,,,,
people,fax_number,varchar,,,,
people,temp_name,varchar,,,,
people,maiden_name,varchar,,,,
people,Salutation,varchar,,,,
people,hair_color,uniqueidentifier,,,,
people,eye_color,uniqueidentifier,,,,
people,country_of_birth,varchar,,,,
people,gender_id,uniqueidentifier,,,,
people,is_system,bit,,,,
people,person_picture,uniqueidentifier,,,,
people,name_suffix,varchar,,,,
people,ethnicity_details_id,uniqueidentifier,,,,
people,person_salutation_id,uniqueidentifier,,,,
people,is_deleted,bit,,,,
people,external_id,varchar,,,,
people,veteran_status_id,uniqueidentifier,,,,
people,country_of_origin_id,uniqueidentifier,,,,
people,npi_number,varchar,,,,
people,taxonomy_code,varchar,,,,
people,is_external,bit,,,,
people,date_entered,datetime,,,,
people,signature,uniqueidentifier,,,,
people,cdw_family_income,int,,,,
people,cdw_family_size,smallint,,,,
people,cdw_arrests_pre_intake,smallint,,,,
people,is_converted,bit,,,,
people,cdw_family_income_unknown,bit,,,,
people,dea_license_number,varchar,,,,
people,state_license_number,varchar,,,,
people,practice_name,varchar,,,,
people,is_eprescription,bit,,,,
people,rx_uid,varchar,,,,
people,rx_pwd,varchar,,,,
people,rx_patient_id,varchar,,,,
people,physician_specialization_id,uniqueidentifier,,,,
people,physician_degree_id,uniqueidentifier,,,,
people,rx_is_surescript_reg,bit,,,,
people,rx_is_submit,bit,,,,
people,conversion_id_no,varchar,,,,
people,licensing_state,uniqueidentifier,,,,
people,ccd_file_id,uniqueidentifier,,,,
people,conversion_id,varchar,,,,
people,portal_password,varchar,,,,
people,agency_id,uniqueidentifier,,,,
people,allow_client_portal_access,bit,,,,
people,password_change_at_login,bit,,,,
people,is_client_portal_active,bit,,,,
people,hl7_log_id,uniqueidentifier,,,,
people,contact_by_phone,bit,,,,
people,contact_by_sms,bit,,,,
people,contact_by_email,bit,,,,
people,medication_reconciled,bit,,,,
people,date_entered_tzo,smallint,,,,
people,rx_user_types_id,uniqueidentifier,,,,
people,TABS_ID,varchar,,,,
people,education_id,varchar,,,,
people,is_ok_leave_message_day_phone,bit,,,,
people,is_ok_leave_message_eve_phone,bit,,,,
people,is_ok_leave_message_cell_phone,bit,,,,
people,is_ok_send_email,bit,,,,
people,is_no_scn,bit,,,,
people,is_scn_tdd_tty,bit,,,,
people,is_scn_sli,bit,,,,
people,is_scn_ald,bit,,,,
people,is_scn_lang,bit,,,,
people,is_scn_other,bit,,,,
people,scn_other,varchar,,,,
people,is_spa_needed,bit,,,,
people,spa_description,varchar,,,,
people,scn_other_spoken_lang,uniqueidentifier,,,,
people,is_email_unknown,bit,,,,
people,is_email_shared,bit,,,,
people,sms_phone_providers_id,uniqueidentifier,,,,
people,birth_last_name,varchar,,,,
people,birth_first_name,varchar,,,,
people,birth_middle_name,varchar,,,,
people,mothers_first_name,varchar,,,,
people,birth_suff_name,varchar,,,,
people,FiscallyResp,uniqueidentifier,,,,
people,county_of_birth,uniqueidentifier,,,,
people,special_needs_literacy_skills,bit,,,,
people,special_needs_medicaid_transportation,bit,,,,
people,is_no_household,bit,,,,
people,is_declined_language,bit,,,,
people,language_proficiency_primary_id,uniqueidentifier,,,,
people,is_declined_ethnicity,bit,,,,
people,is_declined_race,bit,,,,
people,secondary_language_proficiency_id,uniqueidentifier,,,,
people,tertiary_stcodes_all_codes_id,uniqueidentifier,,,,
people,facebook_url,varchar,,,,
people,twitter_account,varchar,,,,
people,msdp_dangeryes,bit,,,,
people,msdp_dangerno,bit,,,,
people,msdp_personserved,varchar,,,,
people,medicaid_number,varchar,,,,
people,nyscri_personal1,varchar,,,,
people,nyscri_personal2,uniqueidentifier,,,,
people,nyscri_personal3,varchar,,,,
people,nyscri_dangerous,uniqueidentifier,,,,
people,nyscri_personaladdress,varchar,,,,
people,nyscri_intakecomments,varchar,,,,
people,nyscri_firstname,varchar,,,,
people,nyscri_mothersname,varchar,,,,
people,nyscri_mothersmaiden,varchar,,,,
people,nyscri_programnumber,float,,,,
people,nyscri_provider,float,,,,
people,nyscri_providerclient,float,,,,
people,nyscri_cjconsent,datetime,,,,
people,nyscri_cjconsentrevoke,datetime,,,,
people,nyscri_nysid,float,,,,
people,nyscri_specialproject,varchar,,,,
people,nyscri_children,float,,,,
people,nyscri_childrenliving,float,,,,
people,nyscri_fostercare,float,,,,
people,nyscri_cps,uniqueidentifier,,,,
people,nyscri_activeduty,uniqueidentifier,,,,
people,nyscri_reserves,uniqueidentifier,,,,
people,nyscri_cj1,bit,,,,
people,nyscri_cj2,bit,,,,
people,nyscri_mandated,uniqueidentifier,,,,
people,nyscri_treatment,uniqueidentifier,,,,
people,nyscri_casemanager,uniqueidentifier,,,,
people,nyscri_completedby,varchar,,,,
people,nyscri_completedby2,varchar,,,,
people,nyscri_comments,varchar,,,,
people,age_at_death,smallint,,,,
people,cause_of_death,varchar,,,,
people,city_of_birth_id,uniqueidentifier,,,,
enrollment_info_expanded_view,people_id,uniqueidentifier,,,,
enrollment_info_expanded_view,transfer_type_id,uniqueidentifier,,,,
enrollment_info_expanded_view,full_name,nvarchar,,,,
enrollment_info_expanded_view,ssn_number,varchar,,,,
enrollment_info_expanded_view,last_name,varchar,,,,
enrollment_info_expanded_view,first_name,varchar,,,,
enrollment_info_expanded_view,middle_name,varchar,,,,
enrollment_info_expanded_view,aka,varchar,,,,
enrollment_info_expanded_view,maiden_name,varchar,,,,
enrollment_info_expanded_view,drivers_license,varchar,,,,
enrollment_info_expanded_view,dob,datetime,,,,
enrollment_info_expanded_view,phone_day,nvarchar,,,,
enrollment_info_expanded_view,phone_evening,nvarchar,,,,
enrollment_info_expanded_view,mobile_phone,nvarchar,,,,
enrollment_info_expanded_view,email_address,varchar,,,,
enrollment_info_expanded_view,gender,varchar,,,,
enrollment_info_expanded_view,ethnicity,varchar,,,,
enrollment_info_expanded_view,race,varchar,,,,
enrollment_info_expanded_view,regions_id,uniqueidentifier,,,,
enrollment_info_expanded_view,region_description,varchar,,,,
enrollment_info_expanded_view,region_code,char,,,,
enrollment_info_expanded_view,pe_el_id,uniqueidentifier,,,,
enrollment_info_expanded_view,pe_start_date,datetime,,,,
enrollment_info_expanded_view,pe_end_date,datetime,,,,
enrollment_info_expanded_view,service_track_event_id,uniqueidentifier,,,,
enrollment_info_expanded_view,event_agency_id,uniqueidentifier,,,,
enrollment_info_expanded_view,program_info,uniqueidentifier,,,,
enrollment_info_expanded_view,enrollment_event_id,uniqueidentifier,,,,
enrollment_info_expanded_view,enrollment_billed,bit,,,,
enrollment_info_expanded_view,enroll_start_date,datetime,,,,
enrollment_info_expanded_view,enroll_end_date,datetime,,,,
enrollment_info_expanded_view,enroll_el_id,uniqueidentifier,,,,
enrollment_info_expanded_view,group_profile_id,uniqueidentifier,,,,
enrollment_info_expanded_view,units_id,uniqueidentifier,,,,
enrollment_info_expanded_view,beds_id,uniqueidentifier,,,,
enrollment_info_expanded_view,schedules_id,uniqueidentifier,,,,
enrollment_info_expanded_view,enrollment_type_id,uniqueidentifier,,,,
enrollment_info_expanded_view,closing_reason_id,uniqueidentifier,,,,
enrollment_info_expanded_view,program_type_info_id,uniqueidentifier,,,,
enrollment_info_expanded_view,program_name,varchar,,,,
enrollment_info_expanded_view,program_code,char,,,,
enrollment_info_expanded_view,profile_name,varchar,,,,
enrollment_info_expanded_view,address,varchar,,,,
enrollment_info_expanded_view,unit_name,varchar,,,,
enrollment_info_expanded_view,enrollment_transfers_id,uniqueidentifier,,,,
enrollment_info_expanded_view,from_program_enrollment,uniqueidentifier,,,,
enrollment_info_expanded_view,from_enrollment_id,uniqueidentifier,,,,
enrollment_info_expanded_view,to_program_enrollment,uniqueidentifier,,,,
enrollment_info_expanded_view,to_enrollment_id,uniqueidentifier,,,,
enrollment_info_expanded_view,transfer_reason,uniqueidentifier,,,,
enrollment_info_expanded_view,transfer_type,uniqueidentifier,,,,
enrollment_info_expanded_view,transfer_date,datetime,,,,
enrollment_info_expanded_view,transfer_program,uniqueidentifier,,,,
enrollment_info_expanded_view,transfer_staff,uniqueidentifier,,,,
enrollment_info_expanded_view,same_program,bit,,,,
enrollment_info_expanded_view,transfer_reason_desc,varchar,,,,
enrollment_info_expanded_view,transfer_type_desc,varchar,,,,
enrollment_info_expanded_view,is_deleted,bit,,,,
enrollment_info_expanded_view,closing_reason,varchar,,,,
enrollment_info_expanded_view,closing_reason_std_code,char,,,,
enrollment_info_expanded_view,removal_reason,varchar,,,,
enrollment_info_expanded_view,current_status,varchar,,,,
enrollment_info_expanded_view,program_enrollment_id,uniqueidentifier,,,,
group_profile,group_profile_id,uniqueidentifier,,,,
group_profile,profile_name,varchar,,,,
group_profile,security_scheme_id,uniqueidentifier,,,,
group_profile,update_log_id,uniqueidentifier,,,,
group_profile,license_number,char,,,,
group_profile,managing_office_id,uniqueidentifier,,,,
group_profile,groups_id,uniqueidentifier,,,,
group_profile,c,uniqueidentifier,,,,
group_profile,is_main_office,bit,,,,
group_profile,remarks,varchar,,,,
group_profile,case_type_id,uniqueidentifier,,,,
group_profile,case_initial_date,datetime,,,,
group_profile,number_of_dependents,smallint,,,,
group_profile,case_number,char,,,,
group_profile,shared,bit,,,,
group_profile,family_structure_id,uniqueidentifier,,,,
group_profile,is_institution,bit,,,,
group_profile,is_referral_in,bit,,,,
group_profile,is_referral_out,bit,,,,
group_profile,total_income,decimal,,,,
group_profile,Family_size,float,,,,
group_profile,external_responsibility,uniqueidentifier,,,,
group_profile,applicant_type_id,uniqueidentifier,,,,
group_profile,market_info_id,uniqueidentifier,,,,
group_profile,is_system,bit,,,,
group_profile,payor_vendor_id,uniqueidentifier,,,,
group_profile,is_managing_office,bit,,,,
group_profile,regions_id,uniqueidentifier,,,,
group_profile,agency_id,uniqueidentifier,,,,
group_profile,time_periods_id,uniqueidentifier,,,,
group_profile,gl_facility_code,char,,,,
group_profile,is_case,bit,,,,
group_profile,is_foster_home,bit,,,,
group_profile,is_day_care,bit,,,,
group_profile,is_applicant,bit,,,,
group_profile,is_accepting,bit,,,,
group_profile,createunits_on_insert,bit,,,,
group_profile,gen_code,char,,,,
group_profile,is_converted,bit,,,,
group_profile,is_active,bit,,,,
group_profile,other_id,varchar,,,,
group_profile,is_deleted,bit,,,,
group_profile,MN_occupancy_coefficient,varchar,,,,
group_profile,remarks_large,varchar,,,,
group_profile,intake_staff_id,uniqueidentifier,,,,
group_profile,intake_worker_role_id,uniqueidentifier,,,,
group_profile,tax_id,varchar,,,,
group_profile,npi_number,varchar,,,,
group_profile,is_drop_in,bit,,,,
group_profile,taxonomy_code,varchar,,,,
group_profile,date_entered,datetime,,,,
group_profile,is_external,bit,,,,
group_profile,website,varchar,,,,
group_profile,conversion_id,varchar,,,,
group_profile,rx_practice_id,varchar,,,,
group_profile,hl7_log_id,uniqueidentifier,,,,
group_profile,date_entered_tzo,smallint,,,,
group_profile,is_delivered_on_install,bit,,,,
group_profile,is_refers_to_other,bit,,,,
group_profile,is_careconnect,bit,,,,
group_profile,careconnect_id,varchar,,,,
group_profile,iis_id,char,,,,
group_profile,original_conversion_id,varchar,,,,
group_profile,is_convert_foster_home,bit,,,,
worker_assignment_view,people_id,uniqueidentifier,,,,
worker_assignment_view,worker_assignment_id,uniqueidentifier,,,,
worker_assignment_view,event_log_id,uniqueidentifier,,,,
worker_assignment_view,staff_id,uniqueidentifier,,,,
worker_assignment_view,is_primary_worker,bit,,,,
worker_assignment_view,is_supervisor,bit,,,,
worker_assignment_view,worker_role_id,uniqueidentifier,,,,
worker_assignment_view,actual_date,datetime,,,,
worker_assignment_view,end_date,datetime,,,,
worker_assignment_view,program_enrollment_event_id,uniqueidentifier,,,,
worker_assignment_view,event_definition_id,uniqueidentifier,,,,
worker_assignment_view,program_start_date,datetime,,,,
worker_assignment_view,program_end_date,datetime,,,,
worker_assignment_view,program_enrollment_id,uniqueidentifier,,,,
worker_assignment_view,program_info_id,uniqueidentifier,,,,
worker_assignment_view,agency_id,uniqueidentifier,,,,
worker_assignment_view,is_deleted,bit,,,,
worker_assignment_view,staff_people_id,uniqueidentifier,,,,
worker_assignment_view,supervisor_id,uniqueidentifier,,,,
colaterals_view,event_name,varchar,,,,
colaterals_view,event_code,varchar,,,,
colaterals_view,people_id,uniqueidentifier,,,,
colaterals_view,event_log_id,uniqueidentifier,,,,
colaterals_view,actual_date,datetime,,,,
colaterals_view,effective_start_date,datetime,,,,
colaterals_view,end_date,datetime,,,,
colaterals_view,effective_end_date,datetime,,,,
colaterals_view,relationship,varchar,,,,
colaterals_view,relationship_id,uniqueidentifier,,,,
colaterals_view,is_health,bit,,,,
colaterals_view,is_county_work,bit,,,,
colaterals_view,is_community_resource,bit,,,,
colaterals_view,is_NYS_ISP_Service,bit,,,,
colaterals_view,is_HCBS_Waiver_Service,bit,,,,
colaterals_view,is_a_visitor,bit,,,,
colaterals_view,is_emergency,bit,,,,
colaterals_view,is_treatment_team,bit,,,,
colaterals_view,is_caregiver,bit,,,,
colaterals_view,can_handle_personal_affairs,bit,,,,
colaterals_view,is_post_dc_contact,bit,,,,
colaterals_view,remarks,varchar,,,,
colaterals_view,collateral_people_id,uniqueidentifier,,,,
colaterals_view,full_name,nvarchar,,,,
colaterals_view,primary_language,varchar,,,,
colaterals_view,dob,datetime,,,,
colaterals_view,group_profile_id,uniqueidentifier,,,,
colaterals_view,profile_name,varchar,,,,
colaterals_view,email_address,varchar,,,,
colaterals_view,mobile_phone,nvarchar,,,,
colaterals_view,phone_evening,nvarchar,,,,
colaterals_view,phone_day,nvarchar,,,,
colaterals_view,fax_number,nvarchar,,,,
colaterals_view,can_transport,bit,,,,
colaterals_view,notify_restraint,bit,,,,
colaterals_view,local_worker_code,char,,,,
colaterals_view,local_worker_name,varchar,,,,
colaterals_view,local_worker_supervisor,varchar,,,,
colaterals_view,local_worker_phone,varchar,,,,
colaterals_view,local_office_code,char,,,,
colaterals_view,local_unit_code,char,,,,
colaterals_view,frequency_id,uniqueidentifier,,,,
colaterals_view,frequency,varchar,,,,
colaterals_view,collateral_address,varchar,,,,
colaterals_view,is_guardian,bit,,,,
colaterals_view,has_consent_release_information,bit,,,,
colaterals_view,date_last_exam,datetime,,,,
colaterals_view,service_duration,varchar,,,,
colaterals_view,Calls_to_allowed,bit,,,,
colaterals_view,Calls_to_from,bit,,,,
colaterals_view,is_count_household,bit,,,,
colaterals_view,allow_mail_to,bit,,,,
colaterals_view,allow_mail_from,bit,,,,
event_log,event_log_id,uniqueidentifier,,,,
event_log,people_id,uniqueidentifier,,,,
event_log,event_definition_id,uniqueidentifier,,,,
event_log,belongs_to_event,uniqueidentifier,,,,
event_log,created_by_event,uniqueidentifier,,,,
event_log,actual_date,datetime,,,,
event_log,completed,bit,,,,
event_log,end_date,datetime,,,,
event_log,group_profile_id,uniqueidentifier,,,,
event_log,expiration_date,datetime,,,,
event_log,is_initial,bit,,,,
event_log,is_manual,bit,,,,
event_log,approved_date,datetime,,,,
event_log,group_event_id,uniqueidentifier,,,,
event_log,update_log_id,uniqueidentifier,,,,
event_log,groups_id,uniqueidentifier,,,,
event_log,staff_id,uniqueidentifier,,,,
event_log,outcome_id,uniqueidentifier,,,,
event_log,opening_reason_id,uniqueidentifier,,,,
event_log,closing_reason_id,uniqueidentifier,,,,
event_log,target_end_date,datetime,,,,
event_log,service_track_event_id,uniqueidentifier,,,,
event_log,program_enrollment_event_id,uniqueidentifier,,,,
event_log,locked_by,uniqueidentifier,,,,
event_log,date_locked,datetime,,,,
event_log,approved_by,uniqueidentifier,,,,
event_log,is_locked,bit,,,,
event_log,approve_remarks,varchar,,,,
event_log,program_providing_service,uniqueidentifier,,,,
event_log,site_providing_service,uniqueidentifier,,,,
event_log,generic_remarks,varchar,,,,
event_log,is_client_involved,bit,,,,
event_log,is_noshow,bit,,,,
event_log,attempt_to_contact_id,uniqueidentifier,,,,
event_log,duration,int,,,,
event_log,service_location_facility,uniqueidentifier,,,,
event_log,activity_type_id,uniqueidentifier,,,,
event_log,actual_location,uniqueidentifier,,,,
event_log,is_final,bit,,,,
event_log,closing_event_id,uniqueidentifier,,,,
event_log,encounter_with_id,uniqueidentifier,,,,
event_log,units_id,uniqueidentifier,,,,
event_log,do_not_bill,bit,,,,
event_log,date_entered,datetime,,,,
event_log,event_agency_id,uniqueidentifier,,,,
event_log,user_entered,uniqueidentifier,,,,
event_log,approval_sent_to,uniqueidentifier,,,,
event_log,diagnoses_id,uniqueidentifier,,,,
event_log,is_deleted,bit,,,,
event_log,is_billed,bit,,,,
event_log,approved_qi_date,datetime,,,,
event_log,approved_external_date,datetime,,,,
event_log,approved_external_org,uniqueidentifier,,,,
event_log,attached_document,uniqueidentifier,,,,
event_log,from_events2do_id,uniqueidentifier,,,,
event_log,transfer_type_id,uniqueidentifier,,,,
event_log,service_authorization_details_id,uniqueidentifier,,,,
event_log,is_e_signed,bit,,,,
event_log,is_auto_approve,bit,,,,
event_log,is_external,bit,,,,
event_log,duration_other,smallint,,,,
event_log,overwrite_fee,decimal,,,,
event_log,is_updated_by_santrax,bit,,,,
event_log,is_converted,bit,,,,
event_log,reason_for_no_show_id,uniqueidentifier,,,,
event_log,generic_code,varchar,,,,
event_log,evidence_based_practice_id,uniqueidentifier,,,,
event_log,num_family_collaterals,smallint,,,,
event_log,num_non_family_collaterals,smallint,,,,
event_log,is_allday,bit,,,,
event_log,staff_timesheet_log_id,uniqueidentifier,,,,
event_log,agency_program_service_link_id,uniqueidentifier,,,,
event_log,program_unit_id,uniqueidentifier,,,,
event_log,conversion_id,varchar,,,,
event_log,travel_time,smallint,,,,
event_log,planning_time,smallint,,,,
event_log,cue_type_id,uniqueidentifier,,,,
event_log,cue_number,smallint,,,,
event_log,hl7_log_id,uniqueidentifier,,,,
event_log,client_participation_response_id,uniqueidentifier,,,,
event_log,delivered_other_language,bit,,,,
event_log,actual_date_tzo,smallint,,,,
event_log,end_date_tzo,smallint,,,,
event_log,date_locked_tzo,smallint,,,,
event_log,date_entered_tzo,smallint,,,,
event_log,gaf_score_current,float,,,,
event_log,event_id,int,,,,
event_log,service_plan_goal,uniqueidentifier,,,,
event_log,service_plan_dsr_action,uniqueidentifier,,,,
event_log,is_end,bit,,,,
event_log,is_provided_on_job_site,bit,,,,
event_log,referrals_made_id,uniqueidentifier,,,,
event_log,referrals_to_agency_id,uniqueidentifier,,,,
event_log,diagnoses2_id,uniqueidentifier,,,,
event_log,diagnoses3_id,uniqueidentifier,,,,
event_log,is_schedule_event_same_date,bit,,,,
event_log,event2schedule,uniqueidentifier,,,,
event_log,diagnoses4_id,uniqueidentifier,,,,
event_log,is_propagate_values_from_parent,bit,,,,
event_log,final_approval_date,datetime,,,,
event_log,is_no_show_individual_cancelled,bit,,,,
event_log,is_no_show_provider_cancelled,bit,,,,
event_log,nyscri_new_issue_presented_resolved,bit,,,,
event_log,nyscri_new_issue_presented_caiap_update,bit,,,,
event_log,nyscri_new_issue_not_reported,bit,,,,
event_log,nyscri_new_issue_presented_remarks,varchar,,,,
event_log,intervention_methods_provided,varchar,,,,
event_log,response_to_intervention_progress,varchar,,,,
event_log,plan_additional_information,varchar,,,,
event_log,individual_report_of_progress,varchar,,,,
event_log,final_approval_by,uniqueidentifier,,,,
event_log,risk_assessment_danger_stage_at_service_self_id,uniqueidentifier,,,,
event_log,risk_assessment_danger_stage_at_service_property_i,uniqueidentifier,,,,
event_log,risk_assessment_danger_stage_at_service_other_id,uniqueidentifier,,,,
event_log,risk_assessment_danger_stage_at_service_comments,varchar,,,,
event_log,medicare_incident_to_services_only,bit,,,,
event_log,service_facility_address_id,uniqueidentifier,,,,
event_log,is_off_site,bit,,,,
event_log,do_not_pay,bit,,,,
event_log,amended_event_log_id,uniqueidentifier,,,,
event_log,is_amended,bit,,,,
event_log,event_amend_reason_id,uniqueidentifier,,,,
event_log,amend_reason_other,varchar,,,,
event_log,amended_dt_tm,datetime,,,,
event_log,amended_dt_tm_tzo,smallint,,,,
event_log,event_delete_reason_id,uniqueidentifier,,,,
event_log,delete_reason_other,varchar,,,,
event_log,form_header_id,uniqueidentifier,,,,
event_log,psychiatric_rehabilitation_readiness_determination,varchar,,,,
event_log,initial_desired_outcome,varchar,,,,
event_log,initial_services,varchar,,,,
event_log,em_history_id,uniqueidentifier,,,,
event_log,em_examination_id,uniqueidentifier,,,,
event_log,em_mdm_id,uniqueidentifier,,,,
event_log,em_patient_status_id,uniqueidentifier,,,,
event_log,em_cpt_codes_id,uniqueidentifier,,,,
event_log,is_interactive_complexity,bit,,,,
event_log,is_em_service,bit,,,,
event_log,medicare_incident_to_supervisor,uniqueidentifier,,,,
event_log,nyscri_issues_referred_to_doctor,varchar,,,,
event_log,is_plan_update_required,bit,,,,
event_log,is_verified,bit,,,,
event_log,verified_by,uniqueidentifier,,,,
event_log,verified_date,datetime,,,,
event_log,verified_date_tzo,smallint,,,,
event_log,stcodes_all_codes_id,uniqueidentifier,,,,
event_log,is_cotreat,bit,,,,
event_log,is_makeup,bit,,,,
event_log,living_situation_id,uniqueidentifier,,,,
event_log,service_strategy_id,uniqueidentifier,,,,
event_log,reason_for_visit,uniqueidentifier,,,,
event_log,is_patient_left_ama,bit,,,,
event_log,is_patient_left_wo_seen,bit,,,,
event_log,room_no,varchar,,,,
event_log,proc_completed_staff,uniqueidentifier,,,,
event_log,proc_completed_date,datetime,,,,
event_log,proc_completed_date_tzo,smallint,,,,
event_log,proc_completed_result,varchar,,,,
event_log,proc_completed_notes,varchar,,,,
event_log,proc_discontinued_staff_entered,uniqueidentifier,,,,
event_log,proc_discontinued_staff,uniqueidentifier,,,,
event_log,proc_discontinued_reason,varchar,,,,
event_log,proc_discontinued_notes,varchar,,,,
event_log,proc_priority,uniqueidentifier,,,,
event_log,proc_disc_rationale,uniqueidentifier,,,,
event_log,proc_discontinued_date,datetime,,,,
event_log,proc_discontinued_date_tzo,smallint,,,,
event_log,pc_appt_priority_id,uniqueidentifier,,,,
event_log,proc_other_code,varchar,,,,
event_log,proc_other_desc,varchar,,,,
event_log,belongs_to_events2do,uniqueidentifier,,,,
event_log,target_end_date_tzo,smallint,,,,
event_log,data_source_system_id,uniqueidentifier,,,,
event_log,clinical_instructions,varchar,,,,
event_log,recommended_decision_aids,varchar,,,,
event_log,reason_for_visit_narrative,varchar,,,,
event_log,reconciliation_date,datetime,,,,
event_log,reconciliation_date_tzo,smallint,,,,
event_log,peer_delivered_service_info_id,uniqueidentifier,,,,
event_log,approved_date_tzo,smallint,,,,
event_log,original_conversion_id,varchar,,,,
event_log,diagnoses5_id,uniqueidentifier,,,,
event_log,diagnoses6_id,uniqueidentifier,,,,
event_log,diagnoses7_id,uniqueidentifier,,,,
event_log,diagnoses8_id,uniqueidentifier,,,,
event_log,diagnoses9_id,uniqueidentifier,,,,
event_definition_view,event_definition_id,uniqueidentifier,,,,
event_definition_view,event_name,varchar,,,,
event_definition_view,std_code,char,,,,
event_definition_view,gen_code,char,,,,
event_definition_view,sc_code,char,,,,
event_definition_view,event_category_id,uniqueidentifier,,,,
event_definition_view,user_defined,bit,,,,
event_definition_view,is_system,bit,,,,
event_definition_view,is_delivered_on_install,bit,,,,
event_definition_view,is_default,bit,,,,
event_definition_view,is_active,bit,,,,
event_definition_view,category_name,varchar,,,,
event_definition_view,category_code,varchar,,,,
event_definition_view,is_people_event,bit,,,,
event_definition_view,is_group_event,bit,,,,
event_definition_view,is_service_event,bit,,,,
event_definition_view,can_be_scheduled,bit,,,,
event_definition_view,has_materials,bit,,,,
event_definition_view,has_notes,bit,,,,
event_definition_view,has_participants,bit,,,,
event_definition_view,has_service_group,bit,,,,
event_definition_view,has_test,bit,,,,
event_definition_view,has_tplan,bit,,,,
event_definition_view,is_date_required,bit,,,,
event_definition_view,is_multiday,bit,,,,
event_definition_view,is_individual,bit,,,,
event_definition_view,is_st_validated,bit,,,,
event_definition_view,is_initial_event,bit,,,,
event_definition_view,is_family_case,bit,,,,
event_definition_view,is_category_system,bit,,,,
event_definition_view,is_service_track_required,bit,,,,
event_definition_view,is_category_active,bit,,,,
event_definition_view,table_name,varchar,,,,
event_definition_view,form_header_id,uniqueidentifier,,,,
event_definition_view,form_program,varchar,,,,
event_definition_view,form_code,varchar,,,,
event_definition_view,form_height,smallint,,,,
event_definition_view,form_width,smallint,,,,
event_definition_view,form_size_percentage,decimal,,,,
event_definition_view,form_family_id,uniqueidentifier,,,,
event_definition_view,form_family_code,char,,,,
event_definition_view,form_family_parent,varchar,,,,
event_definition_view,form_header_id_new,uniqueidentifier,,,,
event_definition_view,form_program_new,varchar,,,,
event_definition_view,form_code_new,varchar,,,,
event_definition_view,form_height_new,smallint,,,,
event_definition_view,form_width_new,smallint,,,,
event_definition_view,form_size_percentage_new,decimal,,,,
event_definition_view,form_family_id_new,uniqueidentifier,,,,
event_definition_view,form_family_code_new,char,,,,
event_definition_view,form_family_parent_new,varchar,,,,
event_definition_view,form_header_id_group,uniqueidentifier,,,,
event_definition_view,form_program_group,varchar,,,,
event_definition_view,form_code_group,varchar,,,,
event_definition_view,form_height_group,smallint,,,,
event_definition_view,form_width_group,smallint,,,,
event_definition_view,form_size_percentage_group,decimal,,,,
event_definition_view,form_family_id_group,uniqueidentifier,,,,
event_definition_view,form_family_code_group,char,,,,
event_definition_view,form_family_parent_group,varchar,,,,
event_definition_view,form_header_id_group_new,uniqueidentifier,,,,
event_definition_view,form_program_group_new,varchar,,,,
event_definition_view,form_code_group_new,varchar,,,,
event_definition_view,form_height_group_new,smallint,,,,
event_definition_view,form_width_group_new,smallint,,,,
event_definition_view,form_size_percentage_group_new,decimal,,,,
event_definition_view,form_family_id_group_new,uniqueidentifier,,,,
event_definition_view,form_family_code_group_new,char,,,,
event_definition_view,form_family_parent_group_new,varchar,,,,
event_definition_view,event_cat_display,varchar,,,,
event_definition_view,is_converted,bit,,,,
event_definition_view,event_code,varchar,,,,
event_definition_view,is_group_shared,bit,,,,
event_definition_view,require_participants,bit,,,,
event_definition_view,is_system_category,bit,,,,
event_definition_view,is_user_modifiable,bit,,,,
event_definition_view,has_single_note,bit,,,,
event_definition_view,require_service_authorizations,bit,,,,
event_definition_view,is_drop_in,bit,,,,
event_definition_view,is_show_task_subform,bit,,,,
event_definition_view,has_pnote_formgroup,bit,,,,
event_definition_view,is_staff_event,bit,,,,
event_definition_view,diagnosis_groups_id,uniqueidentifier,,,,
event_definition_view,diagnosis_group,varchar,,,,
event_definition_view,use_event_wizard,bit,,,,
event_definition_view,wizard_first_form,uniqueidentifier,,,,
event_definition_view,wizard_use_search,bit,,,,
event_definition_view,wizard_complete_form,uniqueidentifier,,,,
event_definition_view,wizard_additional_form,uniqueidentifier,,,,
event_definition_view,event_icon,varchar,,,,
event_definition_view,generic_description,varchar,,,,
event_definition_view,form_name,varchar,,,,
service_plan_header,service_plan_header_id,uniqueidentifier,,,,
service_plan_header,event_log_id,uniqueidentifier,,,,
service_plan_header,service_plan_title,varchar,,,,
service_plan_header,parent_service_plan_id,uniqueidentifier,,,,
service_plan_header,service_plan_type_id,uniqueidentifier,,,,
service_plan_header,update_log_id,uniqueidentifier,,,,
service_plan_header,service_plan_setup_header_id,uniqueidentifier,,,,
service_plan_header,service_plan_is_current,bit,,,,
service_plan_header,is_reviewed,bit,,,,
service_plan_header,child_service_plan_id,uniqueidentifier,,,,
service_plan_header,is_deleted,bit,,,,
service_plan_header,total_amount_authorized,decimal,,,,
service_plan_header,hl7_log_id,uniqueidentifier,,,,
service_plan_header,scanned_plan,uniqueidentifier,,,,
service_plan_header,general_memo_1,varchar,,,,
service_plan_header,client_likes,varchar,,,,
service_plan_header,client_dislikes,varchar,,,,
service_plan_header,client_capable_capacity,varchar,,,,
service_plan_header,client_safeguards,varchar,,,,
service_plan_header,natural_supports_note,varchar,,,,
service_plan_header,community_resource_note,varchar,,,,
service_plan_header,anticipated_dc_date,datetime,,,,
service_plan_header,is_other,bit,,,,
service_plan_header,is_reduction_symptoms,bit,,,,
service_plan_header,is_tx_no_longer_necessary,bit,,,,
service_plan_header,is_attain_higher_functioning,bit,,,,
service_plan_header,loc_change_narrative,varchar,,,,
service_plan_header,discharge_plan_narrative,varchar,,,,
service_plan_header,relapse_prevent_plan_from_assessment_id,uniqueidentifier,,,,
service_plan_header,msdp_annualiap,datetime,,,,
service_plan_header,msdp_dischargechange,bit,,,,
service_plan_header,msdp_iapyes,bit,,,,
service_plan_header,msdp_iapno,bit,,,,
service_plan_header,msdp_Supports,varchar,,,,
service_plan_header,msdp_resources,varchar,,,,
service_plan_header,msdp_barriers,varchar,,,,
service_plan_header,msdp_served,varchar,,,,
service_plan_header,msdp_comments,varchar,,,,
service_plan_header,msdp_clinically,bit,,,,
service_plan_header,nyscri_onlyact,varchar,,,,
service_plan_header,nyscri_omhdx,varchar,,,,
service_plan_header,msdp_iapcomment,varchar,,,,
service_plan_header,msdp_pgco,varchar,,,,
service_plan_header,nyscri_rationale,uniqueidentifier,,,,
service_plan_header,msdp_iaprecieved,uniqueidentifier,,,,
service_plan_header,msdp_pharm1,uniqueidentifier,,,,
service_plan_header,msdp_pharm2,uniqueidentifier,,,,
service_plan_header,msdp_pharm3,uniqueidentifier,,,,
service_plan_header,msdp_pharm4,uniqueidentifier,,,,
service_plan_header,scanned_document,uniqueidentifier,,,,
service_plan_header,is_dcfs,bit,,,,
service_plan_header,is_probation,bit,,,,
service_plan_header,is_dpss,bit,,,,
service_plan_header,is_health,bit,,,,
service_plan_header,is_outside_meds,bit,,,,
service_plan_header,is_reg_center,bit,,,,
service_plan_header,is_substance_abuse,bit,,,,
service_plan_header,is_nami,bit,,,,
service_plan_header,is_education,bit,,,,
service_plan_header,other_desc,varchar,,,,
service_plan_header,is_lang_other_eng,bit,,,,
service_plan_header,plan_interpreted,bit,,,,
service_plan_header,other_language,varchar,,,,
program_enrollment_view,people_id,uniqueidentifier,,,,
program_enrollment_view,group_profile_id,uniqueidentifier,,,,
program_enrollment_view,event_definition_id,uniqueidentifier,,,,
program_enrollment_view,event_log_id,uniqueidentifier,,,,
program_enrollment_view,program_enrollment_id,uniqueidentifier,,,,
program_enrollment_view,actual_date,datetime,,,,
program_enrollment_view,end_date,datetime,,,,
program_enrollment_view,actual_date_tz_adjusted,datetime,,,,
program_enrollment_view,end_date_tz_adjusted,datetime,,,,
program_enrollment_view,program_info_id,uniqueidentifier,,,,
program_enrollment_view,program_name,varchar,,,,
program_enrollment_view,is_careday,bit,,,,
program_enrollment_view,is_respite,bit,,,,
program_enrollment_view,is_preplacement,bit,,,,
program_enrollment_view,is_emergency,bit,,,,
program_enrollment_view,is_service_created,bit,,,,
program_enrollment_view,is_required_for_services,bit,,,,
program_enrollment_view,service_track_event_id,uniqueidentifier,,,,
program_enrollment_view,program_code,char,,,,
program_enrollment_view,program_enrollment_name,varchar,,,,
program_enrollment_view,referrals_made_id,uniqueidentifier,,,,
program_enrollment_view,program_type_info_id,uniqueidentifier,,,,
program_enrollment_view,is_initial,bit,,,,
program_enrollment_view,closing_reason_id,uniqueidentifier,,,,
program_enrollment_view,event_agency_id,uniqueidentifier,,,,
program_enrollment_view,date_entered,datetime,,,,
program_enrollment_view,update_log_id,uniqueidentifier,,,,
program_enrollment_view,is_deleted,bit,,,,
program_enrollment_view,program_info_program_name,varchar,,,,
program_enrollment_view,program_type_info_description,varchar,,,,
program_enrollment_view,outcome,varchar,,,,
program_enrollment_view,closing_reason,varchar,,,,
program_enrollment_view,condition_at_discharge_id,uniqueidentifier,,,,
program_enrollment_view,condition_at_discharge,varchar,,,,
program_enrollment_view,referred_to_discharge_id,uniqueidentifier,,,,
program_enrollment_view,referred_to_discharge,varchar,,,,
program_enrollment_view,discharged_to_location,uniqueidentifier,,,,
program_enrollment_view,discharged_to_location_desc,varchar,,,,
program_enrollment_view,discharged_to_other,varchar,,,,
program_enrollment_view,discharge_worker,uniqueidentifier,,,,
program_enrollment_view,outcome_std_code,char,,,,
program_enrollment_view,outcome_gen_code,char,,,,
program_enrollment_view,closing_rsn_std_code,char,,,,
program_enrollment_view,closing_rsn_gen_code,char,,,,
race,race_id,uniqueidentifier,,,,
race,update_log_id,uniqueidentifier,,,,
race,people_id,uniqueidentifier,,,,
race,race_info_id,uniqueidentifier,,,,
race,other,varchar,,,,
race,race_info_details_id,uniqueidentifier,,,,
race,is_deleted,bit,,,,
race,is_converted,bit,,,,
race,conversion_id,varchar,,,,
race,hl7_log_id,uniqueidentifier,,,,
race,priorities_id,uniqueidentifier,,,,
race_info,race_info_id,uniqueidentifier,,,,
race_info,description,varchar,,,,
race_info,gen_code,char,,,,
race_info,sc_code,char,,,,
race_info,std_code,char,,,,
race_info,update_log_id,uniqueidentifier,,,,
race_info,is_active,bit,,,,
race_info,is_system,bit,,,,
race_info,is_deleted,bit,,,,
race_info,x12_code,varchar,,,,
race_info,hl7_code,varchar,,,,
race_info,snomed_id,uniqueidentifier,,,,
race_info,stcodes_all_codes_id,uniqueidentifier,,,,
address,address_id,uniqueidentifier,,,,
address,City,varchar,,,,
address,state,uniqueidentifier,,,,
address,residence_type,uniqueidentifier,,,,
address,zip_code,varchar,,,,
address,street_address_1,varchar,,,,
address,street_address_2,varchar,,,,
address,co_name,varchar,,,,
address,community_district,uniqueidentifier,,,,
address,fax_number,varchar,,,,
address,county,uniqueidentifier,,,,
address,phone_number_home,varchar,,,,
address,phone_number_other,varchar,,,,
address,phone_number_other_extension,varchar,,,,
address,address_title,varchar,,,,
address,update_log_id,uniqueidentifier,,,,
address,mstreet_address_1,varchar,,,,
address,mstreet_address_2,varchar,,,,
address,mstate,uniqueidentifier,,,,
address,mcity,varchar,,,,
address,mco_name,varchar,,,,
address,maddress_title,varchar,,,,
address,mzip_code,varchar,,,,
address,time_to_call_from,datetime,,,,
address,time_to_call_to,datetime,,,,
address,directions,varchar,,,,
address,people_id,uniqueidentifier,,,,
address,group_profile_id,uniqueidentifier,,,,
address,groups_id,uniqueidentifier,,,,
address,address_type_id,uniqueidentifier,,,,
address,address_date,datetime,,,,
address,landlord_id,uniqueidentifier,,,,
address,is_deleted,bit,,,,
address,is_converted,bit,,,,
address,conversion_id,varchar,,,,
address,hl7_log_id,uniqueidentifier,,,,
address,time_to_call_from_tzo,smallint,,,,
address,time_to_call_to_tzo,smallint,,,,
address,nyscri_mailing,bit,,,,
address,county_geocode_link_id,uniqueidentifier,,,,
county,county_id,uniqueidentifier,,,,
county,description,varchar,,,,
county,district,smallint,,,,
county,update_log_id,uniqueidentifier,,,,
county,gen_code,char,,,,
county,sc_code,char,,,,
county,std_code,char,,,,
county,dt_tm,datetime,,,,
county,state_id,uniqueidentifier,,,,
county,is_active,bit,,,,
county,is_system,bit,,,,
county,is_deleted,bit,,,,
county,dt_tm_tzo,smallint,,,,
county,snomed_id,uniqueidentifier,,,,
county,stcodes_all_codes_id,uniqueidentifier,,,,
test_details_answers_expanded_view,event_log_id,uniqueidentifier,,,,
test_details_answers_expanded_view,people_id,uniqueidentifier,,,,
test_details_answers_expanded_view,group_profile_id,uniqueidentifier,,,,
test_details_answers_expanded_view,actual_date,datetime,,,,
test_details_answers_expanded_view,is_deleted,bit,,,,
test_details_answers_expanded_view,completed,bit,,,,
test_details_answers_expanded_view,event_definition_id,uniqueidentifier,,,,
test_details_answers_expanded_view,event_code,varchar,,,,
test_details_answers_expanded_view,test_setup_header_id,uniqueidentifier,,,,
test_details_answers_expanded_view,test_header_name,varchar,,,,
test_details_answers_expanded_view,test_header_code,char,,,,
test_details_answers_expanded_view,test_header_id,uniqueidentifier,,,,
test_details_answers_expanded_view,test_setup_details_id,uniqueidentifier,,,,
test_details_answers_expanded_view,test_domains_info_id,uniqueidentifier,,,,
test_details_answers_expanded_view,question_caption,varchar,,,,
test_details_answers_expanded_view,question_code,varchar,,,,
test_details_answers_expanded_view,test_details_answers_id,uniqueidentifier,,,,
test_details_answers_expanded_view,update_log_id,uniqueidentifier,,,,
test_details_answers_expanded_view,test_details_id,uniqueidentifier,,,,
test_details_answers_expanded_view,numeric_value,float,,,,
test_details_answers_expanded_view,scrnval_id,uniqueidentifier,,,,
test_details_answers_expanded_view,picklist_value,uniqueidentifier,,,,
test_details_answers_expanded_view,remarks,varchar,,,,
test_details_answers_expanded_view,narrative,varchar,,,,
test_details_answers_expanded_view,test_setup_details_answers_id,uniqueidentifier,,,,
test_details_answers_expanded_view,is_checked,bit,,,,
test_details_answers_expanded_view,date_value,datetime,,,,
test_details_answers_expanded_view,details_type_code,char,,,,
test_details_answers_expanded_view,test_setup_answers_caption,varchar,,,,
test_details_answers_expanded_view,test_setup_answers_order,smallint,,,,
test_details_answers_expanded_view,test_setup_answers_value,float,,,,
test_details_answers_expanded_view,output_code,varchar,,,,
test_details_answers_expanded_view,answers_category_id,uniqueidentifier,,,,
test_details_answers_expanded_view,answers_category,varchar,,,,
test_details_answers_expanded_view,answers_category_code,char,,,,
worker_role,worker_role_id,uniqueidentifier,,,,
worker_role,description,varchar,,,,
worker_role,gen_code,char,,,,
worker_role,sc_code,char,,,,
worker_role,std_code,char,,,,
worker_role,update_log_id,uniqueidentifier,,,,
worker_role,dt_tm,datetime,,,,
worker_role,is_intake,bit,,,,
worker_role,is_system,bit,,,,
worker_role,is_active,bit,,,,
worker_role,is_admin,bit,,,,
worker_role,all_programs,bit,,,,
worker_role,is_deleted,bit,,,,
worker_role,remarks,varchar,,,,
worker_role,is_client_download,bit,,,,
worker_role,is_group_download,bit,,,,
worker_role,is_foster_download,bit,,,,
worker_role,is_coordinator,bit,,,,
worker_role,is_unsubmit,bit,,,,
worker_role,is_unapprove,bit,,,,
worker_role,dt_tm_tzo,smallint,,,,
worker_role,is_delivered_on_install,bit,,,,
worker_role,is_all_programs,bit,,,,
worker_role,role_stcodes_all_codes_id,uniqueidentifier,,,,
worker_role,is_centralized_scheduling_default,bit,,,,
worker_role,is_default_foster_home,bit,,,,
